eng-1;eng-10;eng-11;eng-12;eng-13;eng-14;eng-15;eng-16;eng-18;eng-19;eng-2;eng-20;eng-21;eng-23;eng-24;eng-26;eng-27;fra-28;eng-29;eng-3;eng-5;eng-6;eng-7;eng-8;eng-9;rus-11;spa-21;ukr-14;ukr-19;ukr-20;ukr-24
aqua;pure water;paraffinum liquidum;aqua;aqua;aqua;aqua;aqua;cyclomethicone;enriched corn meal;aqua;sugar;almonds;aqua;unbleached enriched flour;stonebaked pizza base;wheatflour;sucre;com;agua;glycerin;cyclopentasiloxane;water;aqua;aqua;картофель;acetunas verdes enteras;вода;рисова локшина;вода питна;вода
water;glycerol;octocrylene;water;water;water;water;glycerin;stearyl alcohol;corn meal;water;glucose syrup;seasoning;water;wheat flour;fortified wheat flour;vegetable oil;sirop de glucose;vegetable oil;water;peg-8;dimethicone crosspolymer;alcohol;water;water;масло растительное;agua;олія мінеральна;рисове борошно;цукор;етилгексилметоксицинамат
cetearyl alcohol;cpp-acp;caprylic capric triglyceride;ethylhexyl methoxycinnamate;aluminum chlorohydrate;cyclopentasiloxane;hydroxyethyl urea;glyceryl stearate;aluminium zirconium tetrachlorohydrex gly;ferrous sulfate;alcohol;palm fat;maltodextrin;cyclopentasiloxane;malted barley flour;wheat flour;E320;graisse de palme;sunflower;alcohol;hydrated silica;ethylhexyl isonanoate;butylene glycol;amodimethicone;sodium laureth sulfate;подсолнечное;sal;каолін;вода питна;діоксид вуглецю;октокрилен
glycerin;d-sorbitol;dicaprylyl ether;caprylyl methicone;ppg-3 benzyl ether myristate;cyclohexasiloxane;glycerin;dicaprylyl ether;ppg-14 butyl ether;niacin;polyvinyl alcohol;citric acid;salt;cetyl alcohol;niacin;calcium carbonate;E321;acidifants acide citrique;corn;polyvinyl alcohol;pentasodium triphosphate;paraffinum liquidum;glycerin;cetrimonium chloride;cocamidopropyl betaine;рапсовое;E621;гліцерил  моностеарат;кіль кухонна;ортофосфорна кислота;цетеариловий спирт
paraffinum liquidum;cmc-na;butylene glycol dicaprylate dicaprate;dicaprylyl carbonate;cetyl alcohol;ethylhexyl stearate;propylene glycol;isopropyl myristate;talc;thiamin mononitrate;glycerin;malic acid;sugar;cetyl tranexamate hcl;iron;iron;cheese;acide malique;canola oil;glycerin;sodium lauryl sulfate;mineral oil;dipropylene glycol;trideceth-12;xanthan gum;соль;E635;ізопропілпальмітат;вода питна;;каприлік каприк тригліцериди
mineral oil;propylene glycol;isopropyl stearate;tapioca starch;glyceryl stearate;ethylhexyl methoxycinnamate;peg-40 hydrogenated castor oil;cetearyl alcohol;hydrogenated castor oil;riboflavin;pvp;dextrin;monosodium glutamate;pentylene glycol;thiamin mononitrate;niacin;tomato;dextrine;maltodextrin;pvp;aroma;cyclohexasiloxane;eugenia caryophyllus flower tract;guar hydroxypropyltrimonium chloride;peg-40 hydrogenated castor oil;сахар;E270;стеаринова кислота;сіль кухонна;;діоксид титану
ethylhexyl isononoate;silicon dioxide;butyl methoxydibenzoylmethane;polymethylsilsesquioxane;peg-75 stearate;octinoxate;trideceth-9;olea europaea fruit oil;parfum;folic acid;xanthan gum;maltodextrin;maltodextrin;isopropyl lauroyl sarcosinate;riboflavin;thiamin;E102;maltodextrine;made from corn;ci 77491;titanium dioxide;diisopropyl adipate;clove;polyquaternium-11;parfum;глутамат натрия 1-замещенный;E260;екстракт дубу;олія пальмова;;пропіленгліколь
squalane;titanium dioxide;simmondsia chinensis seed oil;ethylhexyl palmitate;ceteth-20;glycerin;sodium hyaluronate;olive;kaolin;vegetable oil;synthetic fluorphlogopite;modified starch;autolyzed yeast extract;methyl gluceth-10;folic acid;water;E110;aromes;salt;iron oxides;carbomer;parfum;cinamomum cassia bark extract;peg-40;fragrance;5-гуанилат натрия 2-замещенный;E300;оксид цинку;цибуля сушена;;пег-32
ceteareth-25;xylitol;tocopheryl acetate;glycerin;steareth-20;cetyl alcohol;laureth-23;ceresin;persea gratissima oil;corn;titanium dioxide;trisodium citrate;modified food starch;dimethicone;water;rapeseed oil;E124;amidon modifie;cheddar cheese;ci 77891;stannous fiuoride;fragrance;castanea crenala shell extract;hydrogenated castor oil;chamomilla recutita extract;5-инозинат натрия 2-замещенный;E202;екстракт чистотілу;E621;;диметикон
cocos nucifera oil;phosphoric acid;linalool;lauryl glucoside;ppg-15 stearyl ether;glyceryl stearate;carbomer;ceteareth-23;octyldodecanol;canola;parfum;E120;com syrup solids;polymethylsilsesquioxane;yeast;salt;E262;E162;milk;titanium dioxide;cocamidopropyl betaine;;camelliaensis leaf extract;phenoxyethanol;allantoin;экстракт горчицы;green olive;олія грецького горіху;E635;;бутилметоксидибензоїлметан
coconut;zinc oxide;limonene;polyglyceryl-2 dipolyhydroxystearate;cyclopentasiloxane;peg-75 stearate;xanthan gum;dimethicone;glyceryl stearate se;sunflower oil;fragrance;E100;tricalcuim phosphate;raffinose;soybean oil;yeast;E331;E160a;cheese cultures;mica;sodium saccharin;;aesculus hippocastanum seed extract;methylparaben;citric acid;порошок лука;water;гпіцерин;цукор;;етилгексилтріазон
isopropyl myristate;sodium saccharin;butylphenyl methylproplonal;hydroxyethyl acrylate sodium acryloyldimethyl taurate copolymer;dimethicone crosspolymer;ceteth-20;parfum;ceteareih-20;bht;cheese seasoning;methylpropanediol;E171;salt;sorbeth-40 tetraoleate;wheat gluten;dextrose;acetic acid;E153;salt;peg-12 dimethicone;sodium fluoride;;horse;ethylparaben;2-bromo-2-nitropropane-1,3-diol;порошок васаби;salt;уреа;яловичий жир сушений;;цетеарет-20
caffeine;ethyl p-hydroxybenzoate;benzyl alcohol;xylitylglucoside;synthetic beeswax;steareth-20;fragrance;celeareth-12;limonene;whey;polysorbate 80;E132;paprika;butylene glycol;salt;seasoned tomato sauce;citric acid;E132;enzymes;xanthan gum;limonene;;thuja orientalis extract;propylparaben;ci 19140;медные комплексы хлорофиллов и хлорофиллинов;olive verte;цетеариловий спирт;імбир cушений;;фенілбензимідазолсульфокислота
ammonium acryloyldimethyltaurate;magnesium oxide;alpha-isomethyl ionone;anhydroxylitol;dimethicone;caprylyl methicone;elastin;cetyl palmitate;linalool;cheddar сheese;leptospermone;E160e;onion powder;parfum;calcium propionate;tomatoes;saccharin;citrate trisodique;whey;parfum;;;portulacaracea exiract;parfum;coumarin;порошок васаби;eau;фарнесол;мальтодекстрин;;стеарилдиметикон
vp copolymer;guar gum;citronellol;xylitol;behenyl alcohol;titanium dioxide;soluble collagen;butylene glycol;alpha isomethyl ionone;milk;salicylic acid;E133;autolyzed yeast extract;fragrance;malted barley extract;tomato puree;maltodextrin;cire de carnauba;buttermilk;fragrance;;;carbomer;fragrance;;;sel;гідроксид натрію;овочева суміш мелена;;біс-пег-18 метиловий ефір диметилсилан
dicaprylyl ether;propyl p-hydroxybenzoate;eugenol;behenyl alcohol;tapioca starch;phenyl trimethicone;hyaluronic acid;snail secretion filtrate;geraniol;cheese cultures;isoleptospermone;glazing agent carnauba wax;garlic powder;polysorbate 60;datem;cornflour;salt;lecithine;romano cheese;caprylic capric triglyceride;;;potassium hydroxide;silk amino acds;;;;пантенол;кукурудза;;метилпарабен
fucus vesiculosus extract;butyl p-hydroxybenzoate;coumarin;cetyl alcohol;polymethylsilsesquioxane;iron oxide;lactic acid;panthenol;benzyl alcohol;salt enzymes;flavesone;polyglycerol esters  of fatty acids;modified food starch;methylparaben;enzymes;sugar;tomato;concentres;part-skim cows milk;laminaria ochroleuca extract;;;peg 60 hydrogenated castor oil;argania spinosa kernel oil;;;;ментол;картопля;;пропілпарабен
centella asiatica leaf extract;;parfum;isostearyl isostearate;stearyl dimethicone;hydroxyethyl acrylate/sodium acryloyldimethyl taurate copolymer;urea;sodium polyacrylate;coumarin;canola oil;salix alba bark extract;;;hydroxyethylcellulose;;citric acid;sweetcorn;de patate douce;cheese cultures;hydrolyzed wheat protein;;;chiorphenesin;argan;;;;ефірна олія ялиці;батат;;боа
centella;;;potassium cetyl phosphate;octadecene;betaine;sorbitol;parfum;;maltodextrin;willow;;;chlorphenesin;;dried oregano;chives;de radis;salt;palmitoyl decapeptide-21;;;phenoxyethanol;olus;;;;камфора;перець чорний мелений;;2-бром-2-нітропропан-1,3-діол
croton lechleri resin extract;;;cetyl behenate;polyacrylate crosspolymer-6;plankton extract;trethylene giycol;sodium hyaluronate;;salt;allantoin;;;magnesium chloride;;black pepper;E220;;enzymes;zinc palmitoyl nonapeptide-14;;;snail secretion filtrate;vegetable oil;;;;ефірна олія чайного дерева;сукцинат натрію;;вітамін є
sangre de drago;;;behenic acid;parfum;phenoxyethanol;serine;methylparaben;;whey protein concentrate;ci 77499;;;sodium citrate;;garlic powder;tomato sauce;;whey protein concentrate;decapeptide-22;;;allantoin;2-bromo-2 -ntropropane-1,3-diol;;;;ароматична композиція;коріандр мелений;;токоферол ацетат
aluminium sucrose octasulfate;;;betaine;fragrance;methylparaben;rosa damascena extract;propylparaben;;monosodium glutamate;iron oxides;;;sorbitan stearate;;mozzarella cheese;;;onion powder;oligopeptide-78;;;fragrance;buthylphenyl methylpropional;;;;пропіленгліколь;кориця мелена;;гідроксид натрію
carnitine;;;ppg-15 stearyl ether;phenoxyethanol;ethylparaben;rose;phenoxyethanol;;lactic acid;propanediol;;;dimethicone vinyl dimethicone crosspolymer;;milk;;;dextrose;allantoin;;;disodium edta gluconolactone sodium benzoate calcium gluconate ;citronellol;;;;бензоат натрію;кардамон мелений;;динатрію едта
dipropylene glycol;;;titanium dioxide;methylparaben;propylparaben;rosa damascena oil;ethyl hexanediol;;citric acid;sodium citrate;;;bht;;from milk;;;tomato powder;;;;;limonene;;;;феноксіетанол;аніс;;парфумерна композиція
commiphora mukul resin extract;;;alumina;ethylparaben;parfum;rose;;;yellow 6;ci 77820;;;glyceryl stearate;;chicken breast;;;spices;;;;;hexyl cinnamal;;;;каприлілгліколь;цукровий колер;;гідроксицитронелаль
mukul myrrh tree;;;simethicone;propylparaben;fragrance;sodium chloride;;;salt;colloidal silver;;;propylparaben;;water;;;lactose;;;;;linalool;;;;бензил саліцилат;куркумін;;бензилсаліцилат
coleus forskohlii root extract;;;butylene glycol;isopropyl myristate;2-bromo-2-nitropropane-1, 3-diol;sodium hydroxide;;;;;;;glycyrrhiza glabra root extract;;rapeseed oil;;;lactic acid;;;;;;;;;цитронеллол;аспартам;;гераніол
indian coleus;;;10-hydroxydecanoic acid;triticum vulgare germ oil;citric acid;allantoin;;;;;;;licorice;;maltodextrin;;;yeast extract;;;;;;;;;гексил циннамал;овочі сушені;;бутилфенілметилпропіонал
phenoxyethanol;;;sebacic acid;wheat;;triethanolamine;;;;;;;hydrolyzed conchiolin protein;;sugar;;;citric acid;;;;;;;;;плрокси цитронеллал;морква сушена;;цитронелол
methylparaben;;;1,10-decanediol;tocopheryl acetate;;phenoxyethanol;;;;;;;;;salt;;;sugar;;;;;;;;;бутилфеніл метиллропіонал;цибуля зелена сушена;;лімонен
ethylparaben;;;silica;bht;;methylparaben;;;;;;;;;rusk;;;garlic powder;;;;;;;;;лімонен;коріандр;;
propylparaben;;;dimethicone vinyl dimethicone crosspolymer;penthylene glycol;;ethylparaben;;;;;;;;;fortified wheat flour;;;red and green bell pepper;;;;;;;;;гідроксиізогексил 3-циклогексенкарбоксальдегід;пшеничний текстурат;;
parfum;;;silica;peg-40 hyorogenated castor oil;;propylparaben;;;;;;;;;wheat flour;;;skim milk;;;;;;;;;ліналоол;борошно пшеничне;;
fragrance;;;litchi chinensis pericarp extract;trideceth-9;;belaine;;;;;;;;;calcium carbonate;;;;;;;;;;;;;пшеничний білок;;
2-bromo-2-nitropropane-1,3-diol;;;aqua;bisabolol;;2-bromo-2-nitropropane-1,3-diol;;;;;;;;;iron;;;;;;;;;;;;;E450;;
alpha-isomethyl ionone;;;glacier water;rosa damascena flower extract;;ci 19140;;;;;;;;;niacin;;;;;;;;;;;;;карбонат натрію;;
butylphenyl methylpropional;;;allantoin;butylphenyl methylpropional;;ci 42090;;;;;;;;;thiamin;;;;;;;;;;;;;цукровий когер;;
citronellol;;;parfum;limonene;;;;;;;;;;;salt;;;;;;;;;;;;;E306;;
limonene;;;fragrance;methyl 2-octynoate;;;;;;;;;;;raising agent;;;;;;;;;;;;;;;
linalool;;;methylparaben;;;;;;;;;;;;ammonium carbonates;;;;;;;;;;;;;;;
;;;isopropyl myristate;;;;;;;;;;;;spices;;;;;;;;;;;;;;;
;;;triticum vulgare germ oil;;;;;;;;;;;;paprika;;;;;;;;;;;;;;;
;;;wheat;;;;;;;;;;;;cayenne pepper;;;;;;;;;;;;;;;
;;;tocopheryl  acetate;;;;;;;;;;;;cumin;;;;;;;;;;;;;;;
;;;bht;;;;;;;;;;;;white pepper;;;;;;;;;;;;;;;
;;;propylparaben;;;;;;;;;;;;black pepper;;;;;;;;;;;;;;;
;;;2-bromo-2-nitropropane-1-1,3-diol;;;;;;;;;;;;lemon juice concentrate;;;;;;;;;;;;;;;
;;;butylphenyl methylpropional;;;;;;;;;;;;modified maize starch;;;;;;;;;;;;;;;
;;;citronellol;;;;;;;;;;;;garlic powder;;;;;;;;;;;;;;;
;;;geranol;;;;;;;;;;;;birds eye chili powder;;;;;;;;;;;;;;;
;;;hexyl cinnamal;;;;;;;;;;;;fortified wheat flour;;;;;;;;;;;;;;;
;;;limonene;;;;;;;;;;;;wheat flour;;;;;;;;;;;;;;;
;;;linalool;;;;;;;;;;;;calcium carbonate;;;;;;;;;;;;;;;
;;;;;;;;;;;;;;;iron;;;;;;;;;;;;;;;
;;;;;;;;;;;;;;;niacin;;;;;;;;;;;;;;;
;;;;;;;;;;;;;;;thiamin;;;;;;;;;;;;;;;
;;;;;;;;;;;;;;;herbs;;;;;;;;;;;;;;;
;;;;;;;;;;;;;;;oregano;;;;;;;;;;;;;;;
;;;;;;;;;;;;;;;thyme;;;;;;;;;;;;;;;
;;;;;;;;;;;;;;;parsley;;;;;;;;;;;;;;;
;;;;;;;;;;;;;;;chilli powder;;;;;;;;;;;;;;;
;;;;;;;;;;;;;;;spice extracts;;;;;;;;;;;;;;;
;;;;;;;;;;;;;;;paprika extract;;;;;;;;;;;;;;;
;;;;;;;;;;;;;;;chilli extract;;;;;;;;;;;;;;;
;;;;;;;;;;;;;;;barley malt extract;;;;;;;;;;;;;;;
;;;;;;;;;;;;;;;red onions;;;;;;;;;;;;;;;
;;;;;;;;;;;;;;;red peppers;;;;;;;;;;;;;;;
